<?xml version="1.0" encoding="UTF-8" standalone="yes"?>
<manifest>
  <control namespace="Ctse" constructor="CanvasJs" version="0.0.2" display-name-key="CanvasJs" description-key="CanvasJs description" control-type="standard" api-version="1.3.5">
    <external-service-usage enabled="false"/>
    <property name="input" display-name-key="Input" description-key="Input" of-type-group="inputTypes" usage="input" required="true"/>
    <property name="output" display-name-key="Output" description-key="Output" of-type-group="outputTypes" usage="output" required="false"/>
    <type-group name="inputTypes">
      <type>SingleLine.Text</type>
      <type>Multiple</type>
    </type-group>
    <type-group name="outputTypes">
      <type>SingleLine.Text</type>
      <type>Multiple</type>
      <type>Whole.None</type>
      <type>Currency</type>
      <type>FP</type>
      <type>Decimal</type>
      <type>DateAndTime.DateAndTime</type>
      <type>TwoOptions</type>
      <type>OptionSet</type>
    </type-group>
    <resources>
      <code path="bundle.js" order="1"/>
    </resources>
    <feature-usage>
      <uses-feature name="Utility" required="true"/>
      <uses-feature name="WebAPI" required="true"/>
    </feature-usage>
    <built-by name="pac" version="1.26.5"/>
  </control>
</manifest>